Save,حفظ,
Submit,اعتماد,
Cancel,إلغاء,
Amend,تعديل,
Delete,حذف,
Duplicate,نسخ,
Edit,تعديل,
Add,إضافة,
New,جديد,
Close,إغلاق,
Back,رجوع,
Refresh,تحديث,
Search,بحث,
Print,طباعة,
Export,تصدير,
Import,استيراد,
Update,تحديث,
Create,إنشاء,
View,عرض,
Open,فتح,
Download,تنزيل,
Upload,رفع,
Preview,معاينة,
Confirm,تأكيد,
Apply,تطبيق,
Reset,إعادة ضبط,
OK,موافق,
Yes,نعم,
No,لا,
Warning,تحذير,
Error,خطأ,
Info,معلومة,
Success,تمّ بنجاح,
Loading...,جارٍ التحميل...,
Saving...,جارٍ الحفظ...,
Saved,تم الحفظ,
Are you sure?,هل أنت متأكد؟,
Failed,فشل,
Not Permitted,غير مسموح,
Not Allowed,غير مسموح,
Permission Denied,تم رفض الصلاحية,
Required,مطلوب,
Mandatory,إلزامي,
Optional,اختياري,
Read Only,للقراءة فقط,
Actions,الإجراءات,
More,المزيد,
Less,أقل,
Show,عرض,
Hide,إخفاء,
Expand,توسيع,
Collapse,طي,
All,الكل,
None,لا شيء,
Other,أخرى,
Select All,تحديد الكل,
Deselect All,إلغاء التحديد,
Save & New,حفظ وجديد,
Reload,إعادة تحميل,
Undo,تراجع,
Home,الرئيسية,
Dashboard,لوحة التحكم,
Settings,الإعدادات,
Profile,الملف الشخصي,
Logout,تسجيل الخروج,
Login,تسجيل الدخول,
Password,كلمة المرور,
New Password,كلمة المرور الجديدة,
Confirm Password,تأكيد كلمة المرور,
Change Password,تغيير كلمة المرور,
Forgot Password,نسيت كلمة المرور,
Help,المساعدة,
About,حول,
Notifications,الإشعارات,
Mark as Read,وضع علامة مقروء,
No new notifications,لا توجد إشعارات جديدة,
No records to show,لا توجد سجلات للعرض,
No data,لا توجد بيانات,
Loading,جارٍ التحميل,
Please wait...,يرجى الانتظار...,
Page not found,الصفحة غير موجودة,
Add Row,إضافة صف,
Remove Row,حذف الصف,
Move Up,نقل لأعلى,
Move Down,نقل لأسفل,
Filters,معايير التصفية,
Filter,تصفية,
Sort,ترتيب,
Group By,تجميع حسب,
Report,التقرير,
List,القائمة,
Form,النموذج,
Tree,الشجرة,
Calendar,التقويم,
Image,الصورة,
Timeline,الجدول الزمني,
Print Format,نموذج الطباعة,
Letter Head,الترويسة,
Bulk Actions,إجراءات جماعية,
Assign,تعيين,
Share,مشاركة,
Tags,العلامات,
Attachments,المرفقات,
Links,الروابط,
Comments,التعليقات,
History,السجل,
Activity,النشاط,
Submit this document,اعتماد هذه الوثيقة,
Once submitted this document will not be editable. Do you want to submit?,بعد الاعتماد لن تتمكن من تعديل هذه الوثيقة. هل تريد المتابعة؟,
Submitted documents cannot be deleted,لا يمكن حذف الوثائق المعتمدة,
Document is already cancelled,هذه الوثيقة ملغاة بالفعل,
Document {0} submitted successfully,تم اعتماد الوثيقة {0} بنجاح,
Document {0} cancelled,تم إلغاء الوثيقة {0},
Are you sure you want to cancel?,هل أنت متأكد من الإلغاء؟,
Name,الاسم,
Title,العنوان,
Description,الوصف,
Status,الحالة,
Type,النوع,
Code,الرمز,
Date,التاريخ,
Time,الوقت,
From Date,من تاريخ,
To Date,إلى تاريخ,
Start Date,تاريخ البدء,
End Date,تاريخ الانتهاء,
Posting Date,تاريخ الترحيل,
Due Date,تاريخ الاستحقاق,
Transaction Date,تاريخ المعاملة,
Invoice Date,تاريخ الفاتورة,
Order Date,تاريخ الأمر,
Delivery Date,تاريخ التسليم,
Created On,أُنشئ في,
Modified On,عُدِّل في,
Created By,أنشأ بواسطة,
Modified By,عدّل بواسطة,
Owner,المالك,
Company,الشركة,
Branch,الفرع,
Department,القسم,
Currency,العملة,
Exchange Rate,سعر الصرف,
Amount,المبلغ,
Quantity,الكمية,
Qty,الكمية,
Rate,السعر,
Net Amount,المبلغ الصافي,
Tax Amount,مبلغ الضريبة,
Total Amount,المبلغ الإجمالي,
Grand Total,المجموع الكلي,
Net Total,الإجمالي الصافي,
Total Tax,إجمالي الضريبة,
Total (Tax Exclusive),الإجمالي (بدون ضريبة),
Discount Amount,مبلغ الخصم,
Discount Percentage,نسبة الخصم,
Outstanding Amount,الرصيد المستحق,
Paid Amount,المبلغ المدفوع,
Balance Amount,الرصيد,
Advance Amount,المبلغ المقدّم,
Difference Amount,فارق المبلغ,
Base Amount,المبلغ الأساسي,
Allocated Amount,المبلغ المخصص,
Write Off Amount,مبلغ الإسقاط,
Rounded Total,الإجمالي المقرّب,
Rounding Adjustment,تعديل التقريب,
In Words,كتابةً,
Remarks,ملاحظات,
Note,ملاحظة,
Notes,الملاحظات,
Comment,تعليق,
Reference,المرجع,
Reference No,رقم المرجع,
Reference Date,تاريخ المرجع,
Series,السلسلة الرقمية,
Naming Series,سلسلة الترقيم,
Is Default,افتراضي,
Default,افتراضي,
Country,الدولة,
City,المدينة,
State,المنطقة,
Zip Code,الرمز البريدي,
Mobile No,رقم الجوال,
Mobile Number,رقم الجوال,
Phone No,رقم الهاتف,
Phone Number,رقم الهاتف,
Email ID,البريد الإلكتروني,
Email,البريد الإلكتروني,
Website,الموقع الإلكتروني,
Tax ID,الرقم الضريبي,
Fax,فاكس,
Primary Address,العنوان الرئيسي,
Billing Address,عنوان الفوترة,
Shipping Address,عنوان الشحن,
Address,العنوان,
Item Code,رمز الصنف,
Item Name,اسم الصنف,
UOM,وحدة القياس,
Price List,قائمة الأسعار,
Terms and Conditions,الشروط والأحكام,
Total,الإجمالي,
Subtotal,الإجمالي قبل الضريبة,
Tax,الضريبة,
Taxes,الضرائب,
Discount,الخصم,
Additional Discount,خصم إضافي,
Conversion Rate,معدل التحويل,
Price List Rate,سعر قائمة الأسعار,
Net Rate,السعر الصافي,
Valuation Rate,سعر التقييم,
Last Purchase Rate,آخر سعر شراء,
Profit,الربح,
Profit Margin,هامش الربح,
Cost,التكلفة,
Expense,المصروف,
Income,الإيراد,
Revenue,الإيراد,
VAT,ضريبة القيمة المضافة,
Zakat,الزكاة,
Percentage,النسبة المئوية,
Accounting,المحاسبة,
Sales,المبيعات,
Purchasing,المشتريات,
Buying,المشتريات,
Selling,المبيعات,
Stock,المخزون,
Inventory,المخزون,
Manufacturing,التصنيع,
Projects,المشاريع,
HR,الموارد البشرية,
Human Resources,الموارد البشرية,
Payroll,مسير الرواتب,
CRM,إدارة علاقات العملاء,
Assets,الأصول الثابتة,
Quality,إدارة الجودة,
Support,الدعم الفني,
E Commerce,التجارة الإلكترونية,
Education,التعليم,
Healthcare,الرعاية الصحية,
Agriculture,الزراعة,
Integrations,التكاملات,
Regional,إقليمي,
Setup,الإعداد,
Utilities,الأدوات المساعدة,
Account,الحساب,
Accounts,الحسابات,
Chart of Accounts,دليل الحسابات,
Cost Center,مركز التكلفة,
Journal Entry,قيد يومية,
Journal Entry Account,حساب القيد اليومي,
Payment Entry,قيد الدفع,
Payment Request,طلب الدفع,
Payment Schedule,جدول الدفع,
Payment Order,أمر الدفع,
Bank Account,الحساب البنكي,
Bank Reconciliation,مطابقة الحساب البنكي,
Bank Statement,كشف الحساب البنكي,
Bank Transaction,حركة بنكية,
Bank Clearance,تسوية البنك,
Sales Invoice,فاتورة المبيعات,
Purchase Invoice,فاتورة المشتريات,
Credit Note,إشعار دائن,
Debit Note,إشعار مدين,
Purchase Taxes and Charges,رسوم وضرائب المشتريات,
Sales Taxes and Charges,رسوم وضرائب المبيعات,
Tax Rule,قاعدة الضريبة,
Tax Category,فئة الضريبة,
Tax Withholding Category,فئة استقطاع الضريبة,
Fiscal Year,السنة المالية,
Budget,الميزانية التقديرية,
Trial Balance,ميزان المراجعة,
Balance Sheet,الميزانية العمومية,
Profit and Loss Statement,قائمة الدخل,
Cash Flow Statement,قائمة التدفقات النقدية,
General Ledger,دفتر الأستاذ العام,
Accounts Payable,الذمم الدائنة,
Accounts Receivable,الذمم المدينة,
Finance Book,الدفتر المالي,
Exchange Rate Revaluation,إعادة تقييم سعر الصرف,
Accounting Period,الفترة المحاسبية,
Accounting Entries,القيود المحاسبية,
Opening Entry,قيد افتتاحي,
Closing Entry,قيد إقفال,
Debit,مدين,
Credit,دائن,
Balance,الرصيد,
Opening Balance,الرصيد الافتتاحي,
Closing Balance,الرصيد الختامي,
Credit Limit,الحد الائتماني,
Write Off,إسقاط الديون,
Mode of Payment,طريقة الدفع,
Payment Gateway,بوابة الدفع,
Payment Term,شرط الدفع,
Payment Terms Template,قالب شروط الدفع,
Cheque,شيك,
Cheque / Reference No,رقم الشيك / المرجع,
Cash,نقداً,
Bank,بنك,
Wire Transfer,تحويل بنكي,
Advance Payment,دفعة مقدّمة,
Reconcile,مطابقة,
Unallocated Amount,المبلغ غير المخصص,
Advance Paid,المدفوع مقدماً,
Outstanding,المستحق,
Ledger,دفتر الأستاذ,
Petty Cash,الصندوق النثري,
Cash and Bank,النقدية والبنوك,
Liability,التزام,
Equity,حقوق الملكية,
Fixed Asset,أصل ثابت,
Current Asset,أصل متداول,
Current Liability,التزام متداول,
Non-current Asset,أصل غير متداول,
Non-current Liability,التزام غير متداول,
Receivable,ذمم مدينة,
Payable,ذمم دائنة,
Income Account,حساب الإيراد,
Expense Account,حساب المصروف,
Bank Account No,رقم الحساب البنكي,
IBAN,رقم الآيبان,
SWIFT Code,رمز السويفت,
Customer,العميل,
Customer Group,مجموعة العملاء,
Customer Type,نوع العميل,
Customer Name,اسم العميل,
Lead,العميل المحتمل,
Lead Source,مصدر العميل المحتمل,
Lead Status,حالة العميل المحتمل,
Opportunity,الفرصة البيعية,
Opportunity Type,نوع الفرصة,
Expected Closing Date,التاريخ المتوقع للإغلاق,
Quotation,عرض السعر,
Sales Order,أمر البيع,
Delivery Note,إشعار التسليم,
Sales Return,مرتجع المبيعات,
POS Invoice,فاتورة نقطة البيع,
Point of Sale,نقطة البيع,
POS Profile,ملف نقطة البيع,
POS Opening Entry,قيد فتح نقطة البيع,
POS Closing Entry,قيد إغلاق نقطة البيع,
Territory,المنطقة البيعية,
Sales Person,مندوب المبيعات,
Sales Team,فريق المبيعات,
Target,الهدف,
Commission,العمولة,
Commission Rate,نسبة العمولة,
Shipping,الشحن,
Shipping Rule,قاعدة الشحن,
Shipping Amount,مبلغ الشحن,
Contact,جهة الاتصال,
Contact Person,الشخص المسؤول,
Billing Currency,عملة الفاتورة,
Selling Price List,قائمة أسعار البيع,
Pricing Rule,قاعدة التسعير,
Promotional Scheme,مخطط ترويجي,
Coupon Code,رمز الخصم,
Loyalty Program,برنامج الولاء,
Loyalty Points,نقاط الولاء,
Terms and Conditions Template,قالب الشروط والأحكام,
Supplier,المورّد,
Supplier Group,مجموعة الموردين,
Supplier Type,نوع المورّد,
Supplier Name,اسم المورّد,
Purchase Order,أمر الشراء,
Purchase Receipt,إيصال الاستلام,
Purchase Return,مرتجع المشتريات,
Request for Quotation,طلب عروض الأسعار,
Supplier Quotation,عرض سعر المورّد,
Subcontracting Order,أمر المقاولة من الباطن,
Subcontracting Receipt,إيصال المقاولة من الباطن,
Supplier Address,عنوان المورّد,
Buying Price List,قائمة أسعار الشراء,
Material Request,طلب الشراء الداخلي,
Purchase Taxes and Charges Template,قالب رسوم وضرائب المشتريات,
Item,الصنف,
Items,الأصناف,
Item Group,مجموعة الأصناف,
Item Variant,متغير الصنف,
Item Attribute,خصائص الصنف,
Item Attribute Value,قيم خصائص الصنف,
Item Price,سعر الصنف,
Item Tax,ضريبة الصنف,
Item Tax Template,قالب ضريبة الصنف,
Is Stock Item,صنف مخزني,
Is Fixed Asset,أصل ثابت,
Has Serial No,له رقم تسلسلي,
Has Batch No,له رقم دفعة,
Stock Item,صنف مخزني,
Non Stock Item,صنف غير مخزني,
Warehouse,المستودع,
Warehouse Type,نوع المستودع,
Stock Entry,قيد المخزون,
Stock Reconciliation,مطابقة المخزون,
Stock Ledger Entry,قيد دفتر أستاذ المخزون,
Repost Item Valuation,إعادة ترحيل تقييم الصنف,
Serial No,الرقم التسلسلي,
Batch,الدفعة,
Batch No,رقم الدفعة,
UOM Conversion Factor,معامل تحويل وحدة القياس,
Bin,بيانات المستودع,
Packing Slip,إشعار التعبئة,
Delivery Trip,رحلة التسليم,
Quality Inspection,فحص الجودة,
Putaway Rule,قاعدة التخزين,
Reorder Level,مستوى إعادة الطلب,
Reorder Qty,كمية إعادة الطلب,
Reserved Qty,الكمية المحجوزة,
Actual Qty,الكمية الفعلية,
Projected Qty,الكمية المتوقعة,
Opening Qty,الكمية الافتتاحية,
Incoming Qty,الكمية الواردة,
Outgoing Qty,الكمية الصادرة,
Balance Qty,رصيد الكمية,
Moving Average,المتوسط المتحرك,
FIFO,أولاً يدخل أولاً يخرج,
LIFO,أخيراً يدخل أولاً يخرج,
Stock Value,قيمة المخزون,
Item Valuation,تقييم الصنف,
Landed Cost,التكاليف الواصلة,
Landed Cost Voucher,سند التكاليف الواصلة,
Goods Receipt,إيصال استلام البضاعة,
Material Transfer,تحويل داخلي,
Material Issue,صرف مخزون,
Material Receipt,استلام مخزون,
Manufacture,تصنيع,
Repack,إعادة تعبئة,
Send to Subcontractor,تسليم للمقاول من الباطن,
Manufacture Entry,قيد تصنيع,
Stock Balance,رصيد المخزون,
Minimum Order Qty,الحد الأدنى لكمية الطلب,
Expire On,تاريخ انتهاء الصلاحية,
Expiry Date,تاريخ انتهاء الصلاحية,
Bill of Materials,قائمة مواد الإنتاج,
BOM,قائمة مواد الإنتاج,
Work Order,أمر الإنتاج,
Production Plan,خطة الإنتاج,
Routing,مسار الإنتاج,
Workstation,محطة العمل,
Operation,عملية التصنيع,
Job Card,بطاقة الإنتاج,
Scrap,مهملات التصنيع,
Finished Good,المنتج النهائي,
Raw Material,المادة الخام,
Semi Finished Good,المنتج نصف المصنّع,
By Product,المنتج الثانوي,
Manufacturing Settings,إعدادات التصنيع,
BOM Level,مستوى القائمة في التصنيع,
Workstation Type,نوع محطة العمل,
Operating Cost,تكلفة التشغيل,
Fixed Time,الوقت الثابت,
Cycle Time,زمن الدورة,
Employee,الموظف,
Employee Group,مجموعة الموظفين,
Employee Type,نوع التوظيف,
Employment Type,نوع التوظيف,
Designation,المسمى الوظيفي,
Grade,الدرجة الوظيفية,
Holiday,الإجازة الرسمية,
Holiday List,قائمة الإجازات الرسمية,
Leave Type,نوع الإجازة,
Leave Allocation,تخصيص رصيد الإجازات,
Leave Application,طلب الإجازة,
Leave Policy,سياسة الإجازات,
Leave Policy Assignment,تعيين سياسة الإجازات,
Leave Encashment,استبدال الإجازة بمكافأة,
Comp Off,إجازة مقابل العمل,
Leave Balance,رصيد الإجازات,
Earned Leave,إجازات مكتسبة,
Annual Leave,إجازة سنوية,
Sick Leave,إجازة مرضية,
Casual Leave,إجازة عارضة,
Maternity Leave,إجازة الأمومة,
Paternity Leave,إجازة الأبوة,
Unpaid Leave,إجازة بدون مرتب,
Emergency Leave,إجازة طارئة,
Attendance,الحضور والغياب,
Attendance Request,طلب تسجيل الحضور,
Shift Type,نوع الوردية,
Shift Request,طلب الوردية,
Employee Checkin,تسجيل حضور الموظف,
Payroll Entry,مسير الرواتب,
Salary Slip,قسيمة الراتب,
Salary Structure,هيكل الراتب,
Salary Structure Assignment,تعيين هيكل الراتب,
Salary Component,مكوّن الراتب,
Payroll Period,فترة الرواتب,
Additional Salary,مكافأة إضافية,
Employee Benefit Application,طلب مزايا الموظف,
Employee Benefit Claim,مطالبة مزايا الموظف,
Employee Tax Exemption Declaration,إقرار الإعفاء الضريبي للموظف,
Retention Bonus,مكافأة الاحتفاظ,
Appraisal,تقييم الأداء,
Appraisal Cycle,دورة تقييم الأداء,
Key Result Area,مجال النتائج الرئيسية,
Training Event,حدث تدريبي,
Training Result,نتيجة التدريب,
Expense Claim,مطالبة المصروفات,
Expense Claim Type,نوع مطالبة المصروفات,
Travel Request,طلب سفر,
Job Opening,وظيفة شاغرة,
Job Applicant,متقدم للوظيفة,
Job Offer,عرض التوظيف,
Interview,مقابلة التوظيف,
Interview Type,نوع المقابلة,
Staffing Plan,خطة التوظيف,
Grievance,شكوى,
Employee Promotion,ترقية الموظف,
Employee Transfer,نقل الموظف,
Employee Separation,إنهاء خدمة الموظف,
Full and Final Settlement,التسوية النهائية والكاملة,
Basic Salary,الراتب الأساسي,
Housing Allowance,بدل السكن,
Transportation Allowance,بدل النقل,
Phone Allowance,بدل الهاتف,
Food Allowance,بدل الطعام,
Annual Bonus,المكافأة السنوية,
GOSI,التأمينات الاجتماعية,
End of Service,مكافأة نهاية الخدمة,
Gratuity,مكافأة الخدمة,
Deduction,خصم,
Earning,استحقاق,
Gross Pay,إجمالي الراتب,
Net Pay,صافي الراتب,
Joining Date,تاريخ التعيين,
Date of Birth,تاريخ الميلاد,
Date of Joining,تاريخ التعيين,
Date of Retirement,تاريخ التقاعد,
Relieving Date,تاريخ إنهاء الخدمة,
Employment Details,تفاصيل التوظيف,
Personal Details,البيانات الشخصية,
Attendance Status,حالة الحضور,
Working Days,أيام العمل,
Present Days,أيام الحضور,
Absent Days,أيام الغياب,
Total Working Days,إجمالي أيام العمل,
Probationary Period,فترة الاختبار,
Notice Period,فترة الإشعار,
Salary Date,تاريخ صرف الراتب,
Campaign,الحملة التسويقية,
Email Campaign,الحملة البريدية,
Newsletter,النشرة الإخبارية,
Prospect,العميل المرتقب,
Appointment,الموعد,
Reminder,التذكير,
Project,المشروع,
Task,المهمة,
Timesheet,سجل الوقت,
Activity Type,نوع النشاط,
Billable Hours,الساعات القابلة للفوترة,
Project Status,حالة المشروع,
Project Type,نوع المشروع,
Expected Start Date,تاريخ البدء المتوقع,
Expected End Date,تاريخ الانتهاء المتوقع,
Actual Start Date,تاريخ البدء الفعلي,
Actual End Date,تاريخ الانتهاء الفعلي,
Milestone,مرحلة رئيسية,
Depends On,يعتمد على,
Hours,ساعات,
Is Billable,قابل للفوترة,
Asset,الأصل الثابت,
Asset Category,فئة الأصول الثابتة,
Asset Maintenance,صيانة الأصل الثابت,
Asset Maintenance Log,سجل صيانة الأصل الثابت,
Asset Movement,حركة الأصل الثابت,
Asset Repair,إصلاح الأصل الثابت,
Asset Value Adjustment,تعديل قيمة الأصل الثابت,
Depreciation,الإهلاك,
Depreciation Method,طريقة الإهلاك,
Straight Line Method,طريقة القسط الثابت,
Double Declining Balance,طريقة القسط المتناقص,
Written Down Value,القيمة المستهلكة,
Manual,يدوي,
Accumulated Depreciation,الإهلاك المتراكم,
Book Value,القيمة الدفترية,
Gross Purchase Amount,قيمة الشراء الإجمالية,
Salvage Value,القيمة التخريدية,
Total Number of Depreciations,إجمالي دفعات الإهلاك,
Useful Life (in months),العمر الإنتاجي (بالأشهر),
Asset Location,موقع الأصل الثابت,
Custodian,المسؤول عن الأصل,
Quality Inspection Parameter,معامل فحص الجودة,
Quality Inspection Reading,قراءة فحص الجودة,
Quality Meeting,اجتماع الجودة,
Quality Procedure,إجراء الجودة,
Quality Review,مراجعة الجودة,
Non Conformance,عدم المطابقة,
Corrective Action,الإجراء التصحيحي,
Preventive Action,الإجراء الوقائي,
Quality Action,إجراء الجودة,
Quality Feedback,ملاحظات الجودة,
Quality Goal,هدف الجودة,
Issue,التذكرة,
Service Level Agreement,اتفاقية مستوى الخدمة,
Response Time,زمن الاستجابة,
Resolution Time,زمن الحل,
Priority,الأولوية,
Urgent,عاجل,
High,مرتفع,
Medium,متوسط,
Low,منخفض,
User,المستخدم,
Role,الدور,
Permission,الصلاحية,
DocType,نوع المستند,
Workspace,مساحة العمل,
Page,الصفحة,
Workflow,سير العمل,
Workflow State,حالة سير العمل,
Workflow Action,إجراء سير العمل,
Email Account,حساب البريد الإلكتروني,
Email Template,قالب البريد الإلكتروني,
Notification,الإشعار,
Notification Log,سجل الإشعارات,
Custom Field,حقل مخصص,
Customize Form,تخصيص النموذج,
System Settings,إعدادات النظام,
Global Defaults,الإعدادات الافتراضية العامة,
Language,اللغة,
Time Zone,المنطقة الزمنية,
Date Format,تنسيق التاريخ,
Number Format,تنسيق الأرقام,
Backup,نسخة احتياطية,
Error Log,سجل الأخطاء,
Access Log,سجل الوصول,
Activity Log,سجل النشاط,
Data Import,استيراد البيانات,
Data Export,تصدير البيانات,
Draft,مسودة,
Submitted,معتمد,
Cancelled,ملغي,
Closed,مغلق,
In Progress,قيد التنفيذ,
Completed,مكتمل,
Pending,قيد الانتظار,
Approved,موافق عليه,
Rejected,مرفوض,
To Do,للتنفيذ,
On Hold,موقوف مؤقتاً,
Overdue,متأخر,
Active,نشط,
Inactive,غير نشط,
Expired,منتهي الصلاحية,
Issued,صادر,
Received,مستلم,
Not Started,لم يبدأ بعد,
Partially Ordered,مُوَرَّد جزئياً,
Fully Ordered,مُوَرَّد بالكامل,
To Bill,للفوترة,
To Deliver,للتسليم,
To Deliver and Bill,للتسليم والفوترة,
To Receive,للاستلام,
To Receive and Bill,للاستلام والفوترة,
Paid,مدفوع,
Unpaid,غير مدفوع,
Partially Paid,مدفوع جزئياً,
Return,مُرجَع,
Debit Note Issued,تم إصدار إشعار المدين,
Credit Note Issued,تم إصدار إشعار الدائن,
Present,حاضر,
Absent,غائب,
Half Day,نصف يوم,
Work From Home,عمل من المنزل,
Annual Report,التقرير السنوي,
Balance Sheet Report,تقرير الميزانية العمومية,
Accounts Receivable Summary,ملخص الذمم المدينة,
Accounts Payable Summary,ملخص الذمم الدائنة,
Stock Balance Report,تقرير رصيد المخزون,
Stock Ledger Report,تقرير دفتر أستاذ المخزون,
Purchase Order Analysis,تحليل أوامر الشراء,
Sales Order Analysis,تحليل أوامر البيع,
Employee Leave Balance,رصيد إجازات الموظفين,
Salary Register,سجل الرواتب,
Monthly Attendance Sheet,كشف الحضور الشهري,
Gross Profit,إجمالي الربح,
Profit and Loss,الأرباح والخسائر,
Cash Flow,التدفق النقدي,
Item-wise Sales Register,سجل المبيعات حسب الصنف,
Item-wise Purchase Register,سجل المشتريات حسب الصنف,
Customer-wise Sales Register,سجل المبيعات حسب العميل,
Supplier-wise Purchase Register,سجل المشتريات حسب المورّد,
Purchase Analytics,تحليلات المشتريات,
Sales Analytics,تحليلات المبيعات,
Inventory Dimension,بُعد المخزون,
Warehouse wise Stock Balance,رصيد المخزون حسب المستودع,
Territory-wise Sales,المبيعات حسب المنطقة,
Delivery Note Trends,اتجاهات إشعارات التسليم,
Sales Order Trends,اتجاهات أوامر البيع,
Purchase Order Trends,اتجاهات أوامر الشراء,
Quotation Trends,اتجاهات عروض الأسعار,
Lead Details,تفاصيل العملاء المحتملين,
Employees leaving in the current month,الموظفون المغادرون هذا الشهر,
Monthly Salary Register,سجل الرواتب الشهري,
HR and Payroll,الموارد البشرية والرواتب,
ZATCA,هيئة الزكاة والضريبة والجمارك,
ZATCA Settings,إعدادات الهيئة,
ZATCA Invoice,فاتورة الهيئة,
E-Invoice,فاتورة إلكترونية,
QR Code,رمز الاستجابة السريعة,
Clearance,اعتماد الهيئة,
Reported,مُبلَّغ للهيئة,
Cleared,مُعتمد من الهيئة,
Signed,موقّع إلكترونياً,
Simplified Invoice,فاتورة مبسّطة (B2C),
Standard Invoice,فاتورة قياسية (B2B),
Fatoora,فاتورة,
Saudi Arabia,المملكة العربية السعودية,
SAR,ريال سعودي,
VAT Registration No,رقم التسجيل في ضريبة القيمة المضافة,
CR No,رقم السجل التجاري,
Buyers Name,اسم المشتري,
Subject,الموضوع,
From,من,
To,إلى,
CC,نسخة إلى,
Send,إرسال,
Sent,تم الإرسال,
Inbox,صندوق الوارد,
Outbox,صندوق الصادر,
Starred,المميز بنجمة,
Spam,بريد غير مرغوب,
Trash,المهملات,
Reply,رد,
Reply All,رد على الكل,
Forward,إعادة إرسال,
Attach,إرفاق,
Attachment,المرفق,
Remove,حذف,
Print Preview,معاينة الطباعة,
Page Setup,إعداد الصفحة,
Orientation,الاتجاه,
Portrait,عمودي,
Landscape,أفقي,
Margin,الهامش,
Page Size,حجم الصفحة,
Header,الترويسة,
Footer,التذييل,
Page Number,رقم الصفحة,
Grand Total in words,المجموع الكلي كتابةً,
Authorized Signatory,المفوّض بالتوقيع,
Prepared By,أعدّه,
Checked By,راجعه,
Approved By,اعتمده,
Document No,رقم المستند,
Page {0} of {1},صفحة {0} من {1},
Submitted by {0} on {1},اعتمد بواسطة {0} في {1},
Cancelled by {0} on {1},ألغي بواسطة {0} في {1},
Created by {0} on {1},أُنشئ بواسطة {0} في {1},
This document is cancelled,هذه الوثيقة ملغاة,
This document is submitted,هذه الوثيقة معتمدة,
Value must be greater than zero,يجب أن تكون القيمة أكبر من الصفر,
Value must be positive,يجب أن تكون القيمة موجبة,
Invalid Email Address,عنوان البريد الإلكتروني غير صحيح,
Invalid Date,تاريخ غير صحيح,
Field is required,الحقل مطلوب,
This field is required,هذا الحقل مطلوب,
Please fill the required fields,يرجى ملء الحقول المطلوبة,
Row {0}: {1} is required,الصف {0}: {1} مطلوب,
Row {0}: {1} must be greater than zero,الصف {0}: يجب أن يكون {1} أكبر من الصفر,
Quantity and Rate are needed for Item {0},الكمية والسعر مطلوبان للصنف {0},
Item {0} does not exist,الصنف {0} غير موجود,
Customer {0} does not exist,العميل {0} غير موجود,
Supplier {0} does not exist,المورّد {0} غير موجود,
Account {0} does not exist,الحساب {0} غير موجود,
Select a Fiscal Year,حدد السنة المالية,
Select Company,حدد الشركة,
Select Warehouse,حدد المستودع,
Select Customer,حدد العميل,
Select Supplier,حدد المورّد,
Select Item,حدد الصنف,
No {0} found,لا يوجد {0},
{0} is mandatory,{0} إلزامي,
{0} not found,{0} غير موجود,
{0} already exists,{0} موجود بالفعل,
{0} cannot be negative,{0} لا يمكن أن يكون سالباً,
{0} must be greater than {1},{0} يجب أن يكون أكبر من {1},
{0} submitted successfully,تم اعتماد {0} بنجاح,
{0} cancelled successfully,تم إلغاء {0} بنجاح,
{0} deleted successfully,تم حذف {0} بنجاح,
{0} saved,تم حفظ {0},
Stock not available for Item {0} in Warehouse {1},الصنف {0} غير متوفر في المستودع {1},
Insufficient Stock,مخزون غير كافٍ,
Item {0} is not a Stock Item,الصنف {0} ليس صنفاً مخزنياً,
Valuation Rate not found for the Item {0},لم يتم العثور على سعر التقييم للصنف {0},
Cannot cancel because dependent transaction exists,لا يمكن الإلغاء لوجود معاملات مرتبطة,
Cannot delete because {0} {1} exists,لا يمكن الحذف لأن {0} {1} موجود,
Date must be between {0} and {1},يجب أن يكون التاريخ بين {0} و {1},
Fiscal Year {0} not found for the Company {1},السنة المالية {0} غير موجودة للشركة {1},
No default account set for {0},لم يتم تعيين حساب افتراضي لـ {0},
Please set {0},يرجى تعيين {0},
Completed Production Orders,أوامر الإنتاج المنجزة,
Available Qty,الكمية المتاحة,
Pending Qty,الكمية المنتظرة,
Produced Qty,الكمية المنتجة,
Scrap Qty,كمية المهملات,
Consumed Qty,الكمية المستهلكة,
Transfer Qty,كمية التحويل,
Total Qty,إجمالي الكمية,
Default Warehouse,المستودع الافتراضي,
Source Warehouse,مستودع المصدر,
Target Warehouse,مستودع الهدف,
From Warehouse,من المستودع,
To Warehouse,إلى المستودع,
Accepted Warehouse,مستودع المقبول,
Rejected Warehouse,مستودع المرفوض,
Work In Progress Warehouse,مستودع الإنتاج الجاري,
Finished Goods Warehouse,مستودع المنتجات النهائية,
Source,المصدر,
Against,في مقابل,
Against Journal Entry,في مقابل قيد اليومية,
Against Sales Invoice,في مقابل فاتورة المبيعات,
Against Purchase Invoice,في مقابل فاتورة المشتريات,
Inter Company,بين الشركات,
Is Inter Company Transaction,معاملة بين الشركات,
Consolidated Financial Statement,القوائم المالية الموحّدة,
Parent Company,الشركة الأم,
Subsidiary Company,الشركة التابعة,
Company Abbreviation,اختصار اسم الشركة,
Default Currency,العملة الافتراضية,
Default Receivable Account,حساب الذمم المدينة الافتراضي,
Default Payable Account,حساب الذمم الدائنة الافتراضي,
Default Bank Account,الحساب البنكي الافتراضي,
Default Cash Account,حساب النقدية الافتراضي,
Default Income Account,حساب الإيراد الافتراضي,
Default Expense Account,حساب المصروف الافتراضي,
Round Off Account,حساب التقريب,
Exchange Gain Loss Account,حساب أرباح/خسائر فروق العملة,
Unrealized Exchange Gain Loss Account,حساب الأرباح/الخسائر غير المحققة لفروق العملة,
Write Off Account,حساب الإسقاط,
Discount Allowed Account,حساب الخصم الممنوح,
Discount Received Account,حساب الخصم المكتسب,
Tax Assets,أصول الضريبة,
Inter-Company Payable Account,حساب الذمم الدائنة بين الشركات,
Inter-Company Receivable Account,حساب الذمم المدينة بين الشركات,
Sales Team Details,تفاصيل فريق المبيعات,
Allocated Percentage,النسبة المخصصة,
Contact Details,بيانات التواصل,
More Information,معلومات إضافية,
Address & Contact,العنوان ومعلومات التواصل,
Tax Details,تفاصيل الضريبة,
Accounting Details,التفاصيل المحاسبية,
Warehouse Details,تفاصيل المستودع,
Item Details,تفاصيل الصنف,
Supplier Details,تفاصيل المورّد,
Customer Details,تفاصيل العميل,
Employee Details,تفاصيل الموظف,
Project Details,تفاصيل المشروع,
Print Settings,إعدادات الطباعة,
Currency and Price List,العملة وقائمة الأسعار,
Taxes and Charges,الرسوم والضرائب,
Additional Costs,التكاليف الإضافية,
Items and Warehouses,الأصناف والمستودعات,
Raw Materials,المواد الخام,
Scrap Items,أصناف المهملات,
Time Logs,سجلات الوقت,
Payment Details,تفاصيل الدفع,
Reference Details,تفاصيل المرجع,
Subscription Details,تفاصيل الاشتراك,
HR Settings,إعدادات الموارد البشرية,
Payroll Settings,إعدادات مسير الرواتب,
Leave Settings,إعدادات الإجازات,
Stock Settings,إعدادات المخزون,
Selling Settings,إعدادات المبيعات,
Buying Settings,إعدادات المشتريات,
Accounts Settings,إعدادات الحسابات,
POS Settings,إعدادات نقطة البيع,
Item Variant Settings,إعدادات متغيرات الصنف,
Subscription,اشتراك,
Subscription Plan,خطة الاشتراك,
Subscription Invoice,فاتورة الاشتراك,
Contract,عقد,
Contract Template,قالب العقد,
Maintenance Schedule,جدول الصيانة,
Maintenance Visit,زيارة الصيانة,
Warranty Claim,مطالبة ضمان,
Serial No Warranty Expiry Date,تاريخ انتهاء ضمان الرقم التسلسلي,
Installation Note,مذكرة التركيب,
Stock Reorder,إعادة ترتيب المخزون,
Daily Work Summary,ملخص العمل اليومي,
Production Capacity,الطاقة الإنتاجية,
Sections,الأقسام,
Section,القسم,
Grid Shortcuts,اختصارات الجدول,
Reports & Masters,التقارير والبيانات الرئيسية,
No Value,بدون قيمة,
Last Modified,آخر تعديل,
Add New,إضافة جديد,
Add a Row,إضافة صف,
Add a Filter,إضافة معيار,
Add a new section,إضافة قسم جديد,
Add Tags,إضافة علامات,
Add Template,إضافة قالب,
Add/Update Filter,إضافة/تحديث معيار,
Add / Remove Columns,إضافة/حذف أعمدة,
Add / Remove Fields,إضافة/حذف حقول,
Add column,إضافة عمود,
Add field,إضافة حقل,
Add new tab,إضافة تبويب جديد,
Add page break,إضافة فاصل صفحة,
Add section above,إضافة قسم أعلى,
Add section below,إضافة قسم أسفل,
Add tab,إضافة تبويب,
Add {0},إضافة {0},
After,بعد,
All Results,كل النتائج,
Amending,جارٍ التعديل,
App Logo,شعار التطبيق,
Apply Assignment Rule,تطبيق قاعدة التعيين,
Apply Filters,تطبيق معايير التصفية,
Apps,التطبيقات,
Archive,الأرشيف,
Are you sure you want to delete this record?,هل أنت متأكد من حذف هذا السجل؟,
Are you sure you want to discard the changes?,هل أنت متأكد من تجاهل التغييرات؟,
Are you sure you want to proceed?,هل أنت متأكد من المتابعة؟,
Are you sure you want to generate a new report?,هل أنت متأكد من إنشاء تقرير جديد؟,
Assign To User Group,تعيين لمجموعة مستخدمين,
Assign a user,تعيين مستخدم,
Assigning...,جارٍ التعيين...,
Attach CSV File,إرفاق ملف CSV,
Attach a web link,إرفاق رابط,
Attachment Limit Reached,تم الوصول للحد الأقصى للمرفقات,
Auto Fetch Serial Numbers,جلب الأرقام التسلسلية تلقائياً,
Automatic,تلقائي,
BCC,نسخة مخفية,
Batch Nos,أرقام الدفعات,
Before,قبل,
Billing Contact,جهة الاتصال للفوترة,
Bulk Edit,تعديل جماعي,
Bulk PDF Export,تصدير PDF جماعي,
Can Read,قراءة,
Can Share,مشاركة,
Can Submit,اعتماد,
Can Write,كتابة,
Cancel All,إلغاء الكل,
Cancelling,جارٍ الإلغاء,
Capture,التقاط,
Card Links,روابط البطاقة,
Change Image,تغيير الصورة,
Change Letter Head,تغيير الترويسة,
Change Print Format,تغيير نموذج الطباعة,
Choose a color,اختر لوناً,
Choose an icon,اختر أيقونة,
Clear & Add Template,مسح وإضافة قالب,
Clear All,مسح الكل,
Clear Assignment,مسح التعيين,
Clear Demo Data,مسح البيانات التجريبية,
Clear Filters,مسح معايير التصفية,
Clear Link,مسح الرابط,
Clear all filters,مسح جميع معايير التصفية,
Close properties,إغلاق الخصائص,
Closing Balance as per Bank Statement,الرصيد الختامي وفق كشف البنك,
Closing Balance as per ERP,الرصيد الختامي في النظام,
Column,العمود,
Column Width,عرض العمود,
Compare Versions,مقارنة الإصدارات,
Complete Order,إكمال الأمر,
Configure Columns,ضبط الأعمدة,
Connection Lost,انقطع الاتصال,
Connections,الصلات,
Copy Link,نسخ الرابط,
Copy to Clipboard,نسخ للحافظة,
Create Duplicate,إنشاء نسخة,
Create Letter Head,إنشاء ترويسة,
Create New Kanban Board,إنشاء لوحة كانبان جديدة,
Create Stock Entry,إنشاء قيد مخزون,
Create a Reminder,إنشاء تذكير,
Crop,قص,
Current status,الحالة الحالية,
Customizations Discarded,تم تجاهل التخصيصات,
Customize Dashboard,تخصيص لوحة التحكم,
Dark Theme,المظهر الداكن,
Dashboard View,عرض لوحة التحكم,
Delete All,حذف الكل,
Delete Column,حذف العمود,
Delete Section,حذف القسم,
Delete Tab,حذف التبويب,
Delete Workspace,حذف مساحة العمل,
Delete column,حذف العمود,
Delete section,حذف القسم,
Delete tab,حذف التبويب,
Deleted!,تم الحذف!,
Deposit,إيداع,
Diff,الفرق,
Discard?,تجاهل؟,
Divider,فاصل,
DocType required,نوع المستند مطلوب,
Document Saved,تم حفظ الوثيقة,
Document has been cancelled,تم إلغاء الوثيقة,
Document has been submitted,تم اعتماد الوثيقة,
Document is in draft state,الوثيقة في حالة المسودة,
Documentation,التوثيق,
Documents,الوثائق,
Download CSV Template,تنزيل نموذج CSV,
Drag,سحب,
Duplicate Workspace,نسخ مساحة العمل,
Edit Capacity,تعديل السعة,
Edit Cart,تعديل سلة المشتريات,
Edit Filter,تعديل المعيار,
Edit Filters,تعديل معايير التصفية,
Edit Full Form,تعديل النموذج كاملاً,
Edit HTML,تعديل HTML,
Edit Note,تعديل الملاحظة,
Edit Print Format,تعديل نموذج الطباعة,
Edit Qty,تعديل الكمية,
Edit Workspace,تعديل مساحة العمل,
Editing Row,تعديل الصف,
Events,الأحداث,
Exit Full Screen,الخروج من ملء الشاشة,
Export Report: {0},تصدير التقرير: {0},
Export as zip,تصدير كملف مضغوط,
Export in Background,تصدير في الخلفية,
Feedback,ملاحظات,
Fetch Based On,الجلب بناءً على,
Fetching exchange rates ...,جارٍ جلب أسعار الصرف...,
File upload failed.,فشل رفع الملف.,
Filter By,تصفية حسب,
Find,بحث عن,
First,الأول,
Fit,ملاءمة,
Followed by,متبوعاً بـ,
Free,مجاني,
Full Screen,ملء الشاشة,
Gantt View,عرض مخطط غانت,
Generate Random Password,توليد كلمة مرور عشوائية,
Graph,رسم بياني,
Greater Than,أكبر من,
Greater Than Or Equal To,أكبر من أو يساوي,
Has Attachments,له مرفقات,
Hide Preview,إخفاء المعاينة,
Hide Tags,إخفاء العلامات,
Hide Workspace,إخفاء مساحة العمل,
Import Using CSV file,استيراد باستخدام ملف CSV,
Inbox View,عرض صندوق الوارد,
Include filters,تضمين معايير التصفية,
Insert Above,إدراج أعلى,
Insert Below,إدراج أسفل,
Invalid Discount,خصم غير صحيح,
Invalid Transition,انتقال غير صحيح,
Invalid Values,قيم غير صحيحة,
Is Query Report,تقرير استعلام,
Kanban Settings,إعدادات كانبان,
Kanban View,عرض كانبان,
Last 14 Days,آخر 14 يوماً,
Last 30 Days,آخر 30 يوماً,
Last 6 Months,آخر 6 أشهر,
Last 7 Days,آخر 7 أيام,
Last 90 Days,آخر 90 يوماً,
Last transacted,آخر معاملة,
Less Than,أقل من,
Less Than Or Equal To,أقل من أو يساوي,
Light Theme,المظهر الفاتح,
Liked by me,أعجبني,
Link To,رابط إلى,
Link Type,نوع الرابط,
List View,عرض القائمة,
Lists,القوائم,
Load More Communications,تحميل المزيد من المراسلات,
Load more,تحميل المزيد,
Loading Filters...,جارٍ تحميل المعايير...,
Loading versions...,جارٍ تحميل الإصدارات...,
Login Failed please try again,فشل تسجيل الدخول، يرجى المحاولة مرة أخرى,
Machine Type,نوع الآلة,
Map View,عرض الخريطة,
Mark As Closed,وضع علامة مغلق,
Mark all as read,وضع علامة مقروء للكل,
Monthly Rank,الترتيب الشهري,
My Device,جهازي,
New Contact,جهة اتصال جديدة,
New Note,ملاحظة جديدة,
New Task,مهمة جديدة,
New Workspace,مساحة عمل جديدة,
Next 14 Days,الـ 14 يوماً القادمة,
Next 30 Days,الـ 30 يوماً القادمة,
Next 6 Months,الـ 6 أشهر القادمة,
Next 7 Days,الـ 7 أيام القادمة,
Next Document,الوثيقة التالية,
Next Month,الشهر القادم,
Next Quarter,الربع القادم,
Next Week,الأسبوع القادم,
Next Year,السنة القادمة,
No Data...,لا توجد بيانات...,
No Email Accounts Assigned,لا توجد حسابات بريد مخصصة,
No Images,لا توجد صور,
No Label,بدون تسمية,
No Letterhead,بدون ترويسة,
No Matching Vouchers Found,لا توجد سندات مطابقة,
No New notifications,لا توجد إشعارات جديدة,
No Notes,لا توجد ملاحظات,
No Results found,لا توجد نتائج,
No Selection,لا يوجد تحديد,
No Summary,لا يوجد ملخص,
No Upcoming Events,لا توجد أحداث قادمة,
No activities to show,لا توجد أنشطة للعرض,
No contacts added yet.,لم يتم إضافة جهات اتصال بعد.,
No filters found,لا توجد معايير تصفية,
No filters selected,لم يتم تحديد أي معيار,
No items in cart,لا توجد أصناف في السلة,
No open event,لا توجد أحداث مفتوحة,
No open task,لا توجد مهام مفتوحة,
No recent transactions found,لا توجد معاملات حديثة,
No records tagged.,لا توجد سجلات بعلامات.,
No values to show,لا توجد قيم للعرض,
Nothing New,لا يوجد جديد,
Nothing left to redo,لا شيء لإعادة تنفيذه,
Nothing left to undo,لا شيء للتراجع عنه,
Notification sent to,تم إرسال الإشعار إلى,
Notifications Disabled,الإشعارات معطّلة,
OR,أو,
On or After,في أو بعد,
On or Before,في أو قبل,
Onboarding complete,اكتمل الإعداد,
Only Workspace Manager can sort or edit this page,فقط مدير مساحة العمل يمكنه الفرز أو التعديل,
Open Call Log,فتح سجل الاتصالات,
Open Communication,فتح المراسلة,
Open Event,فتح الحدث,
Open Events,الأحداث المفتوحة,
Open Link,فتح الرابط,
Open Task,فتح المهمة,
Open Tasks,المهام المفتوحة,
Open in a new tab,فتح في تبويب جديد,
Optimize,تحسين,
Overview,نظرة عامة,
PDF,ملف PDF,
POS Closed,نقطة البيع مغلقة,
Page Margins,هوامش الصفحة,
Page Saved Successfully,تم حفظ الصفحة بنجاح,
Password cannot be filtered,لا يمكن تصفية كلمة المرور,
Preview Mode,وضع المعاينة,
Previous Document,الوثيقة السابقة,
Previous Submission,الاعتماد السابق,
Primary Contact,جهة الاتصال الرئيسية,
Primary Email,البريد الإلكتروني الرئيسي,
Primary Mobile,الجوال الرئيسي,
Primary Phone,الهاتف الرئيسي,
Print Format not found,نموذج الطباعة غير موجود,
Print document,طباعة الوثيقة,
Qty to Fetch,الكمية للجلب,
Quality Inspection(s),فحص (فحوصات) الجودة,
Quantity to Scan,الكمية للمسح الضوئي,
Rank,الترتيب,
Read Only Mode,وضع القراءة فقط,
Rebuild Tree,إعادة بناء الشجرة,
Recent Transactions,المعاملات الأخيرة,
Recents,الأخيرة,
Reconcile the Bank Transaction,مطابقة الحركة البنكية,
Redo,إعادة,
Refresh List,تحديث القائمة,
Refreshing,جارٍ التحديث,
Reload File,إعادة تحميل الملف,
Reload List,إعادة تحميل القائمة,
Reload Report,إعادة تحميل التقرير,
Remind At,التذكير في,
Remind Me,ذكّرني,
Remind Me In,ذكّرني بعد,
Remove Filter,حذف المعيار,
Remove column,حذف العمود,
Remove field,حذف الحقل,
Remove section,حذف القسم,
Remove tab,حذف التبويب,
Report View,عرض التقرير,
Reset Changes,التراجع عن التغييرات,
Reset Dashboard Customizations,إعادة ضبط تخصيصات لوحة التحكم,
Reset To Default,إعادة للافتراضي,
Reset sorting,إعادة ترتيب الفرز,
Reset to default,إعادة للافتراضي,
Rest of the day,بقية اليوم,
Row #{0}: Qty increased by {1},الصف #{0}: زادت الكمية بـ {1},
Save Customizations,حفظ التخصيصات,
Save Filter,حفظ معيار التصفية,
Scan,مسح ضوئي,
Scan Batch No,مسح رقم الدفعة,
Scan QRCode,مسح رمز QR,
Scan Serial No,مسح الرقم التسلسلي,
Scanned Quantity,الكمية الممسوحة,
Schedule Send At,جدولة الإرسال في,
Search by filename or extension,بحث باسم الملف أو الامتداد,
Search fields,بحث في الحقول,
Seconds,ثوانٍ,
Section Title,عنوان القسم,
See all Activity,عرض كل الأنشطة,
Select Batch No,تحديد رقم الدفعة,
Select Field...,تحديد الحقل...,
Select Group By...,تجميع حسب...,
Select Items for Quality Inspection,تحديد الأصناف لفحص الجودة,
Select Kanban,تحديد لوحة كانبان,
Select Serial No,تحديد الرقم التسلسلي,
Select Serial and Batch,تحديد التسلسلي والدفعة,
Select Vouchers to Match,تحديد السندات للمطابقة,
Select a group {0} first.,حدد المجموعة {0} أولاً.,
Select an Image,تحديد صورة,
Select list item,تحديد عنصر القائمة,
Select records for removing assignment,تحديد السجلات لإزالة التعيين,
Select two versions to view the diff.,تحديد نسختين لمقارنة الفرق.,
Serial / Batch Nos,الأرقام التسلسلية/الدفعات,
Serial No Range,نطاق الرقم التسلسلي,
Serial Nos,الأرقام التسلسلية,
Serial Nos / Batch Nos,الأرقام التسلسلية / أرقام الدفعات,
Set all private,تعيين الكل خاصاً,
Set all public,تعيين الكل عاماً,
Setting,الإعداد,
Share this document with,مشاركة هذه الوثيقة مع,
Show All,عرض الكل,
Show Labels,عرض التسميات,
Show More Activity,عرض المزيد من الأنشطة,
Show Preview,عرض المعاينة,
Sort Ascending,ترتيب تصاعدي,
Sort Descending,ترتيب تنازلي,
Source Code,الكود المصدري,
Sub Assembly,التجميع الفرعي,
Sub Assembly Item,صنف التجميع الفرعي,
Submitting,جارٍ الاعتماد,
Switch Camera,تبديل الكاميرا,
Switch Theme,تبديل المظهر,
Tab Label,تسمية التبويب,
Templates,القوالب,
This Month,هذا الشهر,
This Quarter,هذا الربع,
This Week,هذا الأسبوع,
This Year,هذه السنة,
Tomorrow,غداً,
Top Center,أعلى الوسط,
Top Left,أعلى اليسار,
Top Right,أعلى اليمين,
Total Images,إجمالي الصور,
Tree View,عرض الشجرة,
Try Again,حاول مجدداً,
Type a reply / comment,اكتب رداً / تعليقاً,
UnReconcile,إلغاء المطابقة,
Undo last action,التراجع عن آخر إجراء,
Unhide Workspace,إظهار مساحة العمل,
Unpublish,إلغاء النشر,
Unselect All,إلغاء تحديد الكل,
Upload Image,رفع صورة,
Upload file,رفع ملف,
User Changed,تم تغيير المستخدم,
User Menu,قائمة المستخدم,
View Full Log,عرض السجل كاملاً,
Weak,ضعيف,
Withdrawal,سحب,
Workflow Builder,منشئ سير العمل,
Workflow Details,تفاصيل سير العمل,
Workflow updated successfully,تم تحديث سير العمل بنجاح,
Yesterday,أمس,
You Liked,أعجبك,
Your PDF is ready for download,ملف PDF جاهز للتنزيل,
No address added yet.,لم يتم إضافة عنوان بعد.,
Action Complete,اكتمل الإجراء,
Background Print (required for >25 documents),طباعة في الخلفية (مطلوب لأكثر من 25 وثيقة),
Bank Transaction {0} Matched,تمت مطابقة الحركة البنكية {0},
Bank Transaction {0} added as Journal Entry,تمت إضافة الحركة البنكية {0} كقيد يومية,
Bank Transaction {0} added as Payment Entry,تمت إضافة الحركة البنكية {0} كقيد دفع,
Bank Transaction {0} updated,تم تحديث الحركة البنكية {0},
Bottom Center,أسفل الوسط,
Bottom Left,أسفل اليسار,
Bottom Right,أسفل اليمين,
COLOR PICKER,منتقي الألوان,
Cannot find Item or Warehouse with this Barcode,لا يوجد صنف أو مستودع بهذا الباركود,
Cannot cancel {0}.,لا يمكن إلغاء {0}.,
Cannot submit {0}.,لا يمكن اعتماد {0}.,
Child Row Reference,مرجع الصف الفرعي,
Clear Last Scanned Warehouse,مسح آخر مستودع ممسوح,
Clearing Demo Data...,جارٍ مسح البيانات التجريبية...,
Cost Center for Item rows has been updated to {0},تم تحديث مركز التكلفة لصفوف الصنف إلى {0},
Create a new ...,إنشاء جديد...,
Database Row Size Utilization,استخدام حجم صف قاعدة البيانات,
Deadlock Occurred,حدث تعارض في قاعدة البيانات,
Delete and Generate New,حذف وإنشاء جديد,
Delete entire column with fields,حذف العمود بالكامل مع حقوله,
Delete entire section with fields,حذف القسم بالكامل مع حقوله,
Delete entire tab with fields,حذف التبويب بالكامل مع حقوله,
Deleting {0} records...,جارٍ حذف {0} سجلات...,
Deleting {0}...,جارٍ حذف {0}...,
Dependencies & Licenses,التبعيات والتراخيص,
Descendants Of (inclusive),المستويات الفرعية (شاملة),
DocType Missing,نوع المستند مفقود,
DocType must have atleast one field,يجب أن يحتوي نوع المستند على حقل واحد على الأقل,
Document is only editable by users with role,تعديل الوثيقة مقتصر على المستخدمين الذين لديهم دور,
Double click to edit label,انقر مرتين لتعديل التسمية,
Drag & Drop a section here from another tab,اسحب وأفلت قسماً هنا من تبويب آخر,
Drag and drop files here or upload from,اسحب وأفلت الملفات هنا أو ارفع من,
Drag to add state,اسحب لإضافة حالة,
Drop files here,أفلت الملفات هنا,
Duplicate current row,نسخ الصف الحالي,
Duplicate field,نسخ الحقل,
Edit Response,تعديل الإجابة,
Email Receipt,إيصال الدفع بالبريد,
Empty column,عمود فارغ,
"Enter Email Recipient(s) in the To, CC, or BCC fields",أدخل بريد المستلم(ين) في حقول الاستلام أو النسخة,
Enter a name for this {0},أدخل اسماً لهذا {0},
Enter customer,أدخل اسم العميل,
Enter each serial no in a new line,أدخل كل رقم تسلسلي في سطر منفصل,
Error in Client Script,خطأ في الكود البرمجي,
Excellent,ممتاز,
Experimental,تجريبي,
Export all matching rows?,تصدير جميع الصفوف المطابقة؟,
Export all {0} rows?,تصدير جميع {0} صفاً؟,
Field Orientation (Left-Right),اتجاه الحقل (يسار-يمين),
Field Orientation (Top-Down),اتجاه الحقل (أعلى-أسفل),
Field Template,قالب الحقل,
Finished Good Item,صنف المنتج النهائي,
Finished Good Item Qty,كمية المنتج النهائي,
Folder name should not include,اسم المجلد يجب ألا يحتوي على,
Following fields have invalid values:,الحقول التالية تحتوي قيماً غير صحيحة:,
Following fields have missing values,الحقول التالية تحتوي قيماً مفقودة,
For Work Order,لأمر الإنتاج,
Get more insights with,احصل على مزيد من التحليلات مع,
Go to Workflow,الذهاب إلى سير العمل,
Grid Empty State,حالة الجدول الفارغة,
HTML,HTML,
Here,هنا,
ID (name),المعرف (الاسم),
Impersonated by {0},يُنتحل شخصيته بواسطة {0},
Impersonating {0},انتحال شخصية {0},
Indicator color,لون المؤشر,
Insert Image in Markdown,إدراج صورة في Markdown,
Installed Apps,التطبيقات المثبتة,
Keyboard Shortcuts,اختصارات لوحة المفاتيح,
Last,الأخير,
Library,المكتبة,
Loading user profile,جارٍ تحميل ملف المستخدم,
Mandatory fields required:,الحقول الإلزامية مطلوبة:,
Map columns from {0} to fields in {1},ربط الأعمدة من {0} بحقول {1},
Mapping {0} ...,جارٍ الربط {0}...,
Move current and all subsequent sections to a new tab,نقل القسم الحالي وما يليه إلى تبويب جديد,
Move cursor to above row,نقل المؤشر للصف أعلاه,
Move cursor to below row,نقل المؤشر للصف أدناه,
Move cursor to next column,نقل المؤشر للعمود التالي,
Move cursor to previous column,نقل المؤشر للعمود السابق,
Move sections to new tab,نقل الأقسام لتبويب جديد,
Navigate list down,التنقل في القائمة لأسفل,
Navigate list up,التنقل في القائمة لأعلى,
Navigate to main content,الانتقال للمحتوى الرئيسي,
Need Help?,تحتاج مساعدة؟,
Next actions,الإجراءات التالية,
Onboard,الإعداد,
Onboarding Name,اسم الإعداد,
Open Source Applications for the Web,تطبيقات مفتوحة المصدر للويب,
Page Height (in mm),ارتفاع الصفحة (بالملم),
Page Width (in mm),عرض الصفحة (بالملم),
Payment of {0} received successfully.,تم استلام دفعة {0} بنجاح.,
Plant Floor,أرضية المصنع,
Please add atleast one Serial No / Batch No,يرجى إضافة رقم تسلسلي أو رقم دفعة واحد على الأقل,
Please enter Serial Nos,يرجى إدخال الأرقام التسلسلية,
Please enter quantity for item {0},يرجى إدخال الكمية للصنف {0},
Please select X and Y fields,يرجى تحديد الحقلين X و Y,
Please select a Warehouse,يرجى تحديد المستودع,
Please select a file first.,يرجى تحديد ملف أولاً.,
Prepend the template to the email message,إضافة القالب في بداية الرسالة,
QZ Tray Failed:,فشل QZ Tray:,
Redo last action,إعادة آخر إجراء,
Reference Date for Early Payment Discount,تاريخ مرجع خصم الدفع المبكر,
Rejected Warehouse and Accepted Warehouse cannot be same.,مستودع المرفوض ومستودع المقبول لا يمكن أن يكونا نفس المستودع.,
Reminder set at {0},تم ضبط التذكير في {0},
"Report initiated, click to view status",تم بدء التقرير، اضغط لعرض الحالة,
Request Timeout,انتهت مهلة الطلب,
Restrictions,القيود,
Save the document.,حفظ الوثيقة.,
"Search by item code, serial number or barcode",بحث بكود الصنف، الرقم التسلسلي أو الباركود,
Section must have at least one column,يجب أن يحتوي القسم على عمود واحد على الأقل,
Selected document must be in submitted state,يجب أن تكون الوثيقة المحددة في حالة معتمدة,
Serial No {0} already exists,الرقم التسلسلي {0} موجود بالفعل,
Serial No {0} already scanned,الرقم التسلسلي {0} تم مسحه بالفعل,
Serial No {0} is already added,الرقم التسلسلي {0} تمت إضافته بالفعل,
Show Fieldname (click to copy on clipboard),عرض اسم الحقل (انقر للنسخ),
Show all activity,عرض كل الأنشطة,
Show {0} List,عرض قائمة {0},
Showing only first {0} rows out of {1},عرض أول {0} صفوف فقط من {1},
Size exceeds the maximum allowed file size.,الحجم يتجاوز الحد الأقصى المسموح.,
Sold by,بيع بواسطة,
Spacer,عنصر تباعد,
State Properties,خصائص الحالة,
The total column width cannot be more than 10.,إجمالي عرض الأعمدة لا يمكن أن يتجاوز 10.,
Theme Changed,تم تغيير المظهر,
There are no upcoming events for you.,لا توجد أحداث قادمة لك.,
This feature is brand new and still experimental,هذه الميزة جديدة وتجريبية,
This form is not editable due to a Workflow.,هذا النموذج غير قابل للتعديل بسبب سير العمل.,
Toggle Section: {0},تبديل القسم: {0},
Tracking URL generated and copied to clipboard,تم توليد ونسخ رابط التتبع,
Transition Properties,خصائص الانتقال,
Translate Data,ترجمة البيانات,
Translate values,ترجمة القيم,
UnReconcile Allocations,إلغاء مطابقة التخصيصات,
Update {0} records,تحديث {0} سجلات,
Updating related fields...,جارٍ تحديث الحقول المرتبطة...,
Upgrade plan,ترقية الخطة,
Upload {0} files,رفع {0} ملفات,
Use HTML,استخدام HTML,
View your response,عرض إجابتك,
Visible to website/portal users.,مرئي لمستخدمي الموقع/البوابة.,
Watch Tutorial,مشاهدة الشرح,
Web Page URL,رابط صفحة الويب,
You are impersonating as another user.,أنت تنتحل شخصية مستخدم آخر.,
You are not permitted to access this page without login.,لا يمكنك الوصول لهذه الصفحة بدون تسجيل دخول.,
You can only print upto {0} documents at a time,يمكنك طباعة {0} وثائق كحد أقصى في المرة الواحدة,
You can use wildcard %,يمكنك استخدام % كبحث جزئي,
You cancelled this document,قمت بإلغاء هذه الوثيقة,
You created this,قمت بإنشاء هذا,
You created this document {0},قمت بإنشاء هذه الوثيقة {0},
You have unseen notifications,لديك إشعارات غير مقروءة,
You last edited this,آخر تعديل قمت به,
You must add atleast one link.,يجب إضافة رابط واحد على الأقل.,
You removed attachment {0},قمت بحذف المرفق {0},
You submitted this document,قمت باعتماد هذه الوثيقة,
You viewed this,قمت بعرض هذا,
Your form has been successfully updated,تم تحديث النموذج بنجاح,
Your site is undergoing maintenance or being updated.,الموقع يخضع للصيانة أو التحديث.,
ascending,تصاعدي,
by Role,حسب الدور,
commented,علّق,
descending,تنازلي,
discount applied,تم تطبيق الخصم,
of,من,
updated to {0},تم التحديث إلى {0},
use % as wildcard,استخدم % كبحث جزئي,
value,القيمة,
Page Shortcuts,اختصارات الصفحة,
Global Shortcuts,اختصارات عامة,
Copy error to clipboard,نسخ الخطأ للحافظة,
Count of linked documents,عدد الوثائق المرتبطة,
Item is removed since no serial / batch no selected.,تمت إزالة الصنف لعدم تحديد رقم تسلسلي/دفعة.,
Maximum quantity scanned for item {0}.,تم الوصول للحد الأقصى للصنف {0}.,
Merge taxes from multiple documents,دمج الضرائب من وثائق متعددة,
Workspace <b>{0}</b> does not exist,مساحة العمل <b>{0}</b> غير موجودة,
{0} Workspace,مساحة عمل {0},
Workspace {0} Edited Successfully,تم تعديل مساحة العمل {0} بنجاح,
Workspace {0} Deleted Successfully,تم حذف مساحة العمل {0} بنجاح,
Workspace {0} Created Successfully,تم إنشاء مساحة العمل {0} بنجاح,
Link Type in Row,نوع الرابط في الصف,
Link To in Row,الرابط إلى في الصف,
Shortcuts,الاختصارات,
Reports,التقارير,
Search or type a command ({0}),ابحث أو اكتب أمراً ({0}),
Accounting Masters,البيانات الرئيسية للمحاسبة,
Tax Masters,البيانات الرئيسية للضريبة,
Masters,البيانات الرئيسية,
Total Incoming Bills,إجمالي الفواتير الواردة,
Total Outgoing Bills,إجمالي الفواتير الصادرة,
Total Incoming Payment,إجمالي المدفوعات الواردة,
Total Outgoing Payment,إجمالي المدفوعات الصادرة,
Learn Accounting,تعلم المحاسبة,
Bank Reconciliation Tool,أداة مطابقة البنك,
Cost Center Allocation,توزيع مراكز التكلفة,
Loan Employees,قروض الموظفين,
Begin typing for results.,ابدأ بالكتابة للنتائج.,
Color Palette,لوحة الألوان,
Theme Settings,إعدادات السمة,
Dark Mode,الوضع الداكن,
Appearance,المظهر,
Build,بناء,
AhmadPOS,نقطة البيع,
Restaurant POS,نقطة بيع المطعم,
Material Ledger,دفتر المواد,
Financial Analysis Tools,أدوات التحليل المالي,
Branch Sales Monitoring,متابعة مبيعات الفروع,
System Configuration,إعدادات النظام,
Material Ledger Settings,إعدادات دفتر المواد,
Saudi HR,الموارد البشرية السعودية,
Saudi Employment Contract,عقد العمل السعودي,
End of Service Benefit,مكافأة نهاية الخدمة,
GOSI Contribution,مساهمة التأمينات الاجتماعية,
Overtime Request,طلب عمل إضافي,
Saudi Monthly Payroll,مسير الرواتب الشهري السعودي,
Annual Leave Disbursement,صرف الإجازة السنوية,
Saudi Sick Leave,الإجازة المرضية السعودية,
Maternity Paternity Leave,إجازة الأمومة والأبوة,
Special Leave,إجازة خاصة,
Nitaqat Record,سجل نطاقات,
Work Permit Iqama,تصريح العمل والإقامة,
Work Injury,إصابة العمل,
Disciplinary Procedure,إجراء تأديبي,
Labor Dispute,نزاع عمالي,
Training Record,سجل التدريب,
Medical Examination,الفحص الطبي,
Monthly Attendance Record,سجل الحضور الشهري,
Termination Notice,إشعار إنهاء الخدمة,
Saudi HR Settings,إعدادات الموارد البشرية السعودية,
Probation Period,فترة التجربة,
Saudization,السعودة,
Nitaqat,نطاقات,
Iqama,الإقامة,
EOSB,مكافأة نهاية الخدمة,
Wage Protection System,نظام حماية الأجور,
WPS,نظام حماية الأجور,
MLSD,وزارة الموارد البشرية والتنمية الاجتماعية,
Saudi Labor Law,نظام العمل السعودي,
Work Permit,تصريح العمل,
Residence Permit,الإقامة,
Residency Expiry,انتهاء الإقامة,
Mobile Allowance,بدل الهاتف,
Medical Allowance,بدل طبي,
Service Years,سنوات الخدمة,
Years of Service,سنوات الخدمة,
Net Salary,صافي الراتب,
Gross Salary,إجمالي الراتب,
Social Insurance,التأمين الاجتماعي,
Deductions,الاستقطاعات,
Allowances,البدلات,
Resignation,استقالة,
Termination,إنهاء الخدمة,
Contract Expiry,انتهاء العقد,
Check In,تسجيل الحضور,
Check Out,تسجيل الانصراف,
Late Entry,تأخر في الحضور,
Early Exit,مغادرة مبكرة,
Employee Advance,سلفة الموظف,
No records found,لا توجد سجلات,
No data to show,لا توجد بيانات لعرضها,
Row {0},الصف {0},
Value must be between {0} and {1},يجب أن تكون القيمة بين {0} و{1},
This is required,هذا الحقل مطلوب,
Enter your search term,أدخل كلمة البحث,
No results for {0},لا نتائج لـ {0},
Fetching...,جارٍ الجلب...,
Processing...,جارٍ المعالجة...,
Please fill all required fields,يرجى تعبئة جميع الحقول الإلزامية,
Invalid date,تاريخ غير صحيح,
Invalid value,قيمة غير صحيحة,
Session expired,انتهت صلاحية الجلسة,
Are you sure you want to delete {0}?,هل أنت متأكد من حذف {0}؟,
Linked with {0} {1}s,مرتبط بـ {0} من {1},
Withholding Tax,ضريبة الاستقطاع,
Payroll & Benefits,الرواتب والمزايا,
Employment,التوظيف,
Compliance,الامتثال,
WPS Export Report,تقرير تصدير WPS,
Saudi HR Dashboard,لوحة تحكم الموارد البشرية السعودية,
Show Net Values in Party Account,إظهار الصافي في حساب الطرف,
Ignore System Generated Credit / Debit Notes,تجاهل مذكرات الائتمان/المدين المنشأة تلقائياً,
Ignore Exchange Rate Revaluation and Gain / Loss Journals,تجاهل قيود إعادة تقييم سعر الصرف والأرباح/الخسائر,
Show Remarks,إظهار الملاحظات,
Show Credit / Debit in Company Currency,إظهار الائتمان/المدين بعملة الشركة,
Period Closing Entry For Current Period,قيد إقفال الفترة للفترة الحالية,
With Period Closing Entry For Opening Balances,مع قيد إقفال الفترة للأرصدة الافتتاحية,
Show net values in opening and closing columns,إظهار الصافي في أعمدة الافتتاح والإقفال,
In Party Currency,بعملة الطرف,
Revaluation Journals,قيود إعادة التقييم,
Handle Employee Advances,معالجة سلف الموظفين,
Offline-Integrations,التكاملات دون اتصال,
Is Rate Adjustment Entry (Debit Note),قيد تعديل السعر (مذكرة مدين),
ZATCA Integration Fields,حقول تكامل زاتكا,
ZATCA Integration Feilds,حقول تكامل زاتكا,
Zatca Integration feilds,حقول تكامل زاتكا,
ZATCA Tax Category,فئة ضريبة زاتكا,
ZATCA 3rd party invoice,فاتورة الطرف الثالث - زاتكا,
ZATCA NOMINAL Invoice,فاتورة تقديرية - زاتكا,
ZATCA Export Invoice,فاتورة تصدير - زاتكا,
ZATCA Summary Invoice,فاتورة ملخصة - زاتكا,
ZATCA Self billed Invoice,فاتورة ذاتية - زاتكا,
ZATCA Import Invoice,فاتورة استيراد - زاتكا,
ZATCA Discount reason code,كود سبب الخصم - زاتكا,
ZATCA Discount reason,سبب الخصم - زاتكا,
Exemption Reason Code,كود سبب الإعفاء,
Standard 15%,النسبة القياسية 15%,
User Invoice Number,رقم الفاتورة لدى المستخدم,
Not submitted,لم يُقدَّم,
Not Submitted,لم يُقدَّم,
Supplier Invoice,فاتورة المورد,
UUID,المعرّف الفريد (UUID),
ZATCA Status,حالة زاتكا,
Issue a debit note with 0 qty against an existing Sales Invoice,إصدار مذكرة مدين بكمية صفر مقابل فاتورة مبيعات موجودة,
Joining,الانضمام,
ID Number OR iqhmah,رقم الهوية أو الإقامة,
Earnings & Deductions,المكاسب والاستقطاعات,
Employee Info,معلومات الموظف,
Payroll Info,معلومات الراتب,
Final,نهائي,
Dates & Reason,التواريخ والسبب,
Attach a file,إرفاق ملف,
Approval,الموافقة,
Explain,شرح,
Tax Code,كود الضريبة,
Nos,عدد,
Consolidate Leave Types,دمج أنواع الإجازات,
Other Info,معلومات أخرى,
BOM Info,معلومات قائمة المواد,
Portal Users,مستخدمو البوابة الإلكترونية,
Customer Name in Arabic,اسم العميل بالعربية,
Customer Name Arabic,اسم العميل بالعربية,
From Opportunity,من فرصة,
From Prospect,من عميل محتمل,
ZATCA type Simplified ( B2C ),نوع زاتكا المبسّط (B2C),
Customer ID Type for ZATCA,نوع هوية العميل لزاتكا,
TIN,الرقم الضريبي (TIN),
Customer ID Number for ZATCA,رقم هوية العميل لزاتكا,
Supplier Name in Arabic,اسم المورد بالعربية,
Internal Supplier,مورد داخلي,
Incoterm,شروط التسليم الدولية (Incoterm),
Net Purchase Amount,صافي مبلغ الشراء,
Set as Default,تعيين كافتراضي,
Clear,مسح,
Add Filter,إضافة مرشح,
Sort By,ترتيب حسب,
Show/Hide Columns,إظهار/إخفاء الأعمدة,
Columns,الأعمدة,
Rows,الصفوف,
Voucher No,رقم المستند,
Voucher Type,نوع المستند,
Party,الطرف,
Party Name,اسم الطرف,
Party Type,نوع الطرف,
Account Name,اسم الحساب,
Remark,ملاحظة,
Narration,البيان,
Allocated Leaves,الإجازات المخصصة,
Used Leaves,الإجازات المستخدمة,
Pending Leaves,الإجازات المعلقة,
Total Earnings,إجمالي المكاسب,
Total Deductions,إجمالي الاستقطاعات,
Loan,قرض,
Advance,سلفة,
Bonus,مكافأة,
Overtime Amount,مبلغ العمل الإضافي,
Payment Days,أيام الدفع,
Employee Name,اسم الموظف,
Employee ID,رقم الموظف,
Gender,الجنس,
Nationality,الجنسية,
Marital Status,الحالة الاجتماعية,
Single,أعزب,
Married,متزوج,
Passport Number,رقم جواز السفر,
Visa Number,رقم التأشيرة,
Visa Expiry Date,تاريخ انتهاء التأشيرة,
Iqama Number,رقم الإقامة,
Iqama Expiry Date,تاريخ انتهاء الإقامة,
Work Permit Number,رقم تصريح العمل,
Contract Type,نوع العقد,
Contract Start Date,تاريخ بداية العقد,
Contract End Date,تاريخ نهاية العقد,
Last Working Day,آخر يوم عمل,
Reason for Leaving,سبب ترك العمل,
Held On,عُقد في,
Applicable For,مطبّق على,
Stock Ledger,دفتر الأستاذ للمخزون,
Requested Qty,الكمية المطلوبة,
Accepted Qty,الكمية المقبولة,
Rejected Qty,الكمية المرفوضة,
Enabled,مفعّل,
Disabled,معطّل,
Select,اختر,
Modified,معدَّل,
Created,أُنشئ,
Owned by,مملوك لـ,
Category,الفئة,
Details,التفاصيل,
Phone,الهاتف,
Mobile,الجوال,
Tax Exempt,معفى من الضريبة,
Payment Terms,شروط الدفع,
Credit Days,أيام الائتمان,
Sales Partner,شريك المبيعات,
Industry,الصناعة,
Market Segment,شريحة السوق,
Security Deposit,وديعة ضمان,
Letter of Credit,خطاب اعتماد,
LC No,رقم خطاب الاعتماد,
LC Expiry Date,تاريخ انتهاء خطاب الاعتماد,
Ship To,الشحن إلى,
Bill To,الفاتورة لـ,
PO No,رقم أمر الشراء,
PO Date,تاريخ أمر الشراء,
SO No,رقم أمر البيع,
Digital Signature,التوقيع الرقمي,
Signature,التوقيع,
Stamp,الختم,
Approve,موافقة,
Reject,رفض,
Review,مراجعة,
Assignment,تكليف,
Follow Up,متابعة,
Log,سجل,
Audit Trail,مسار التدقيق,
Version,الإصدار,
Change Log,سجل التغييرات,
Amended From,معدَّل من,
Original Document,المستند الأصلي,
Linked With,مرتبط بـ,
Related Documents,المستندات المرتبطة,
Shares,المشاركات,
Assign To,تكليف إلى,
Unassign,إلغاء التكليف,
Watch,متابعة,
Like,إعجاب,
Cc,نسخة,
Bcc,نسخة مخفية,
Message,الرسالة,
Read,مقروء,
Unread,غير مقروء,
Customer-wise Sales Summary,ملخص المبيعات حسب العميل,
Supplier-wise Purchase Summary,ملخص المشتريات حسب المورد,
COGS,تكلفة البضاعة المباعة,
Cost of Goods Sold,تكلفة البضاعة المباعة,
Net Income,صافي الدخل,
Net Profit,صافي الربح,
Net Loss,صافي الخسارة,
Retained Earnings,الأرباح المحتجزة,
Long-term Liability,الالتزامات طويلة الأجل,
Capital,رأس المال,
Shareholder,المساهم,
Journal,دفتر اليومية,
Swift Code,رمز سويفت,
Bank Name,اسم البنك,
Branch Name,اسم الفرع,
Account Number,رقم الحساب,
Partly Paid,مدفوع جزئياً,
Invoice Number,رقم الفاتورة,
Bill Number,رقم الفاتورة,
Bill Date,تاريخ الفاتورة,
Make Payment,إنشاء دفعة,
Fetch Items,جلب الأصناف,
Get Items,الحصول على الأصناف,
Calculate Taxes and Charges,احتساب الضرائب والرسوم,
Update Stock,تحديث المخزون,
Against Voucher,مقابل مستند,
Against Voucher Type,مقابل نوع المستند,
Against Account,مقابل الحساب,
Payment Reference,مرجع الدفع,
Payment Type,نوع الدفع,
Receive,استلام,
Pay,دفع,
Internal Transfer,تحويل داخلي,
Writeoff Amount,مبلغ الشطب,
Writeoff Account,حساب الشطب,
